timestamp,model,task_id,task_category,trial,terse_prompt,correct,wall_sec,load_sec,ttft_sec,prompt_tokens,eval_tokens,prompt_tps,decode_tps,mem_peak_gb,mem_baseline_gb,prompt_chars,response_chars,expected,error
2026-04-27T10:51:42.874230+00:00,gemma4:e4b,fin_pe,finance,0,True,True,3.3108319169841707,0.232927959,0.139597125,48,108,343.8466229157657,37.433014387610264,13.974456787109375,13.783096313476562,105,2,"('num', 15.0, 0.02)",
2026-04-27T10:51:46.143929+00:00,gemma4:e4b,fin_pe,finance,1,True,True,3.1892742500058375,0.208802709,0.032031542,48,108,1498.5229246846748,37.255493040014166,13.963348388671875,13.786911010742188,105,2,"('num', 15.0, 0.02)",
2026-04-27T10:51:49.417945+00:00,gemma4:e4b,fin_pe,finance,2,True,True,3.171830749954097,0.1964145,0.033433416,48,108,1435.6893713762304,37.332335103564105,13.940536499023438,13.854476928710938,105,2,"('num', 15.0, 0.02)",
2026-04-27T10:51:56.776216+00:00,gemma4:e4b,fin_pv,finance,0,True,False,7.261402041011024,0.1979005,0.133671125,60,254,448.8628340638264,37.20200477051589,14.040176391601562,13.799163818359375,159,8,"('num', 68058, 0.01)",
2026-04-27T10:52:04.118477+00:00,gemma4:e4b,fin_pv,finance,1,True,False,7.193074207985774,0.203009458,0.031730958,60,254,1890.8978417859305,37.05106243092248,14.022079467773438,13.779144287109375,159,8,"('num', 68058, 0.01)",
2026-04-27T10:52:11.475135+00:00,gemma4:e4b,fin_pv,finance,2,True,False,7.191251959011424,0.206797375,0.03283825,60,254,1827.1375606190952,37.10183941921914,13.8734130859375,13.763961791992188,159,8,"('num', 68058, 0.01)",
2026-04-27T10:52:19.628554+00:00,gemma4:e4b,fin_zerocoupon,finance,0,True,True,8.103170834016055,0.206061334,0.133067834,59,284,443.38288395075256,37.128995997032604,13.869476318359375,13.754196166992188,159,8,"('num', 863.84, 0.01)",
2026-04-27T10:52:27.774147+00:00,gemma4:e4b,fin_zerocoupon,finance,1,True,True,7.967327416990884,0.170781417,0.030422958,59,284,1939.3249006227468,37.11625978157908,13.980926513671875,13.748077392578125,159,8,"('num', 863.84, 0.01)",
2026-04-27T10:52:35.919488+00:00,gemma4:e4b,fin_zerocoupon,finance,2,True,True,8.046326374984346,0.210873291,0.033443125,59,284,1764.189201816517,36.97041313188533,14.046218872070312,13.788375854492188,159,8,"('num', 863.84, 0.01)",
2026-04-27T10:52:46.930925+00:00,gemma4:e4b,fin_cagr,finance,0,True,False,10.962574000004679,0.207943541,0.1379705,65,388,471.1152021627812,37.11067209566481,14.035202026367188,13.7440185546875,144,4,"('num', 13.95, 0.02)",
2026-04-27T10:52:57.935638+00:00,gemma4:e4b,fin_cagr,finance,1,True,False,10.807804625015706,0.174637375,0.030785875,65,388,2111.3578873428155,37.16516728248549,13.963623046875,13.749221801757812,144,4,"('num', 13.95, 0.02)",
2026-04-27T10:53:08.979819+00:00,gemma4:e4b,fin_cagr,finance,2,True,False,10.858539124950767,0.210532667,0.028891167,65,388,2249.82258418291,37.114809952154005,14.024948120117188,13.74261474609375,144,4,"('num', 13.95, 0.02)",
2026-04-27T10:53:15.498450+00:00,gemma4:e4b,fin_sharpe,finance,0,True,True,6.209127417008858,0.207038125,0.135262375,57,215,421.40321726570306,37.23580361048192,13.879318237304688,13.757720947265625,150,6,"('num', 0.533, 0.02)",
2026-04-27T10:53:21.616226+00:00,gemma4:e4b,fin_sharpe,finance,1,True,True,6.094608707993757,0.204806375,0.031638083,57,215,1801.6262236874468,37.30062239603401,13.898681640625,13.806320190429688,150,6,"('num', 0.533, 0.02)",
2026-04-27T10:53:27.748941+00:00,gemma4:e4b,fin_sharpe,finance,2,True,True,6.0472053330158815,0.161396334,0.033573583,57,215,1697.7633873632137,37.31943553943406,13.910446166992188,13.78533935546875,150,6,"('num', 0.533, 0.02)",
2026-04-27T10:54:04.471822+00:00,gemma4:e4b,reason_trains,reasoning,0,True,True,36.47221570799593,0.197424042,0.192937042,78,1310,404.27695579576675,36.85090209182794,13.905059814453125,13.776458740234375,202,1178,"('substr', ['17:24', '5:24'])",
2026-04-27T10:54:41.187680+00:00,gemma4:e4b,reason_trains,reasoning,1,True,True,36.55244937504176,0.208883042,0.032761708,78,1317,2380.8282522999107,36.81538572360019,13.947280883789062,13.765167236328125,202,1138,"('substr', ['17:24', '5:24'])",
2026-04-27T10:55:17.896624+00:00,gemma4:e4b,reason_trains,reasoning,2,True,True,36.59737937501632,0.212576208,0.031043542,78,1317,2512.599883093237,36.778095595149416,13.985443115234375,13.800811767578125,202,1138,"('substr', ['17:24', '5:24'])",
2026-04-27T10:55:23.210631+00:00,gemma4:e4b,reason_ages,reasoning,0,True,True,4.9591031249728985,0.205667375,0.130035958,50,170,384.5090294178476,37.37563880306484,14.007644653320312,13.860153198242188,120,2,"('num', 26, 0.001)",
2026-04-27T10:55:28.125493+00:00,gemma4:e4b,reason_ages,reasoning,1,True,True,4.860558999993373,0.202599959,0.028875666,50,170,1731.5617932414095,37.35558871607748,14.002365112304688,13.851654052734375,120,2,"('num', 26, 0.001)",
2026-04-27T10:55:33.040153+00:00,gemma4:e4b,reason_ages,reasoning,2,True,True,4.8334307500044815,0.181538917,0.031304,50,170,1597.2399693329926,37.40578517424636,13.981124877929688,13.839889526367188,120,2,"('num', 26, 0.001)",
2026-04-27T10:56:03.644294+00:00,gemma4:e4b,reason_prob,reasoning,0,True,True,30.392730333958752,0.202367709,0.131567291,54,1092,410.4363599004254,36.87846055098672,14.008346557617188,13.776275634765625,150,1104,"('num', 0.3, 0.05)",
2026-04-27T10:56:34.246755+00:00,gemma4:e4b,reason_prob,reasoning,1,True,True,30.31280129199149,0.211284292,0.028995375,54,1092,1862.3659807814176,36.86181512397927,14.032989501953125,13.767837524414062,150,1104,"('num', 0.3, 0.05)",
2026-04-27T10:57:04.859786+00:00,gemma4:e4b,reason_prob,reasoning,2,True,True,30.29011654102942,0.20656475,0.030999667,54,1092,1741.9541958305551,36.886112795062,14.041030883789062,13.786285400390625,150,1104,"('num', 0.3, 0.05)",
2026-04-27T10:57:10.999953+00:00,gemma4:e4b,reason_discount,reasoning,0,True,True,5.837428292026743,0.207652167,0.137210417,64,199,466.4368886802523,36.810775756973435,14.07672119140625,13.848602294921875,158,2,"('num', 54.0, 0.01)",
2026-04-27T10:57:16.714754+00:00,gemma4:e4b,reason_discount,reasoning,1,True,True,5.683260124991648,0.208809459,0.030034167,64,199,2130.9064439842796,37.14759603314904,13.990509033203125,13.846298217773438,158,2,"('num', 54.0, 0.01)",
2026-04-27T10:57:22.426437+00:00,gemma4:e4b,reason_discount,reasoning,2,True,True,5.621144707954954,0.171858834,0.031979291,64,199,2001.2951506648474,37.33851619457288,13.959671020507812,13.846405029296875,158,2,"('num', 54.0, 0.01)",
2026-04-27T10:57:39.967013+00:00,gemma4:e4b,reason_syllogism,reasoning,0,True,True,17.502756499976385,0.198504666,0.190659083,80,619,419.5971088353551,36.7241584965837,13.951156616210938,13.836746215820312,204,1,"('mcq', 'D')",
2026-04-27T10:57:57.538767+00:00,gemma4:e4b,reason_syllogism,reasoning,1,True,True,17.16307616699487,0.169750333,0.03386525,80,619,2362.3035412406525,37.05678787926597,13.9588623046875,13.808364868164062,204,1,"('mcq', 'D')",
2026-04-27T10:58:15.078419+00:00,gemma4:e4b,reason_syllogism,reasoning,2,True,True,17.224589208024554,0.207037583,0.030817958,80,619,2595.889059229687,37.000527896872526,13.959213256835938,13.807693481445312,204,1,"('mcq', 'D')",
2026-04-27T10:58:24.877100+00:00,gemma4:e4b,code_fizzbuzz,code,0,False,False,9.641311999992467,0.202375708,0.139053667,72,340,517.785697805438,37.13759311435539,14.06671142578125,13.78448486328125,208,482,"('code', None, 0)",
2026-04-27T10:58:34.677457+00:00,gemma4:e4b,code_fizzbuzz,code,1,False,False,9.536244291986804,0.204296208,0.033445083,72,340,2152.7828171333886,37.145724532771,13.99908447265625,13.7816162109375,208,482,"('code', None, 0)",
2026-04-27T10:58:44.481720+00:00,gemma4:e4b,code_fizzbuzz,code,2,False,False,9.533636459033005,0.210089958,0.029691167,72,340,2424.9636263876055,37.16427324207117,13.960342407226562,13.808731079101562,208,482,"('code', None, 0)",
2026-04-27T10:59:02.859238+00:00,gemma4:e4b,code_reverse_words,code,0,False,True,17.986499124963302,0.205218708,0.132920083,62,643,466.44569128052683,36.99230570914571,13.93505859375,13.810012817382812,193,561,"('code', None, 0)",
2026-04-27T10:59:20.840385+00:00,gemma4:e4b,code_reverse_words,code,1,False,True,17.89066037500743,0.21261925,0.032854,62,643,1887.1370304985694,37.00198707794785,14.02764892578125,13.7520751953125,193,561,"('code', None, 0)",
2026-04-27T10:59:38.828356+00:00,gemma4:e4b,code_reverse_words,code,2,False,True,17.83408604201395,0.195093958,0.029825167,62,643,2078.781319145673,37.07081339515403,14.056549072265625,13.761398315429688,193,561,"('code', None, 0)",
2026-04-27T10:59:54.699514+00:00,gemma4:e4b,code_dedup,code,0,False,True,15.756645166955423,0.205977958,0.091873583,45,566,489.8034726696139,37.1746002562855,13.997268676757812,13.750320434570312,146,288,"('code', None, 0)",
2026-04-27T11:00:10.598643+00:00,gemma4:e4b,code_dedup,code,1,False,True,15.739741583005525,0.20042125,0.031168917,45,566,1443.7460242843856,37.05352348125243,14.05596923828125,13.778228759765625,146,288,"('code', None, 0)",
2026-04-27T11:00:26.530687+00:00,gemma4:e4b,code_dedup,code,2,False,True,15.710063499980606,0.198573625,0.031340958,45,566,1435.8208195167485,37.12560407928025,14.01177978515625,13.704010009765625,146,288,"('code', None, 0)",
2026-04-27T11:00:50.142443+00:00,qwen3.5:9b,fin_pe,finance,0,True,True,20.112465417012572,0.123327041,0.274280708,41,344,149.48189502267147,17.580379078832177,12.726165771484375,12.557754516601562,105,2,"('num', 15.0, 0.02)",
2026-04-27T11:01:10.529103+00:00,qwen3.5:9b,fin_pe,finance,1,True,True,20.146577542007435,0.165316667,0.270435125,41,344,151.60752509497425,17.578816094055796,12.737197875976562,12.613067626953125,105,2,"('num', 15.0, 0.02)",
2026-04-27T11:01:30.913875+00:00,qwen3.5:9b,fin_pe,finance,2,True,True,20.143289583968,0.163748083,0.275040708,41,344,149.0688425656612,17.584214465345017,12.764801025390625,12.640838623046875,105,2,"('num', 15.0, 0.02)",
2026-04-27T11:02:30.397229+00:00,qwen3.5:9b,fin_pv,finance,0,True,False,59.46259170799749,0.161420875,0.275843875,54,1024,195.76291117575113,17.46925609822893,12.761703491210938,12.631607055664062,159,0,"('num', 68058, 0.01)",
2026-04-27T11:03:29.879188+00:00,qwen3.5:9b,fin_pv,finance,1,True,False,59.40740341600031,0.123666916,0.278314333,54,1024,194.02522111572313,17.474166411359125,12.838577270507812,12.694961547851562,159,0,"('num', 68058, 0.01)",
2026-04-27T11:04:29.428314+00:00,qwen3.5:9b,fin_pv,finance,2,True,False,59.49705820798408,0.123925459,0.281225792,54,1024,192.01652741722924,17.449547474354546,12.99652099609375,12.746261596679688,159,0,"('num', 68058, 0.01)",
2026-04-27T11:05:28.923395+00:00,qwen3.5:9b,fin_zerocoupon,finance,0,True,False,59.38003075000597,0.122439667,0.274259292,53,1024,193.24778246711145,17.480428841537602,12.989242553710938,12.735244750976562,159,0,"('num', 863.84, 0.01)",
2026-04-27T11:06:28.470294+00:00,qwen3.5:9b,fin_zerocoupon,finance,1,True,False,59.411425500002224,0.149529833,0.277100292,53,1024,191.26648917425175,17.47848968117568,12.988662719726562,12.753509521484375,159,0,"('num', 863.84, 0.01)",
2026-04-27T11:07:27.970669+00:00,qwen3.5:9b,fin_zerocoupon,finance,2,True,False,59.41712633299176,0.156873209,0.275142625,53,1024,192.6273691689901,17.47852637646707,12.961563110351562,12.762771606445312,159,0,"('num', 863.84, 0.01)",
2026-04-27T11:08:27.501694+00:00,qwen3.5:9b,fin_cagr,finance,0,True,False,59.34006404102547,0.134167708,0.277677375,60,1024,216.07810142976177,17.4956518519045,13.424575805664062,12.927520751953125,144,0,"('num', 13.95, 0.02)",
2026-04-27T11:09:27.063222+00:00,qwen3.5:9b,fin_cagr,finance,1,True,False,59.40306437498657,0.162286417,0.281109292,60,1024,213.44011638007325,17.48536044531744,13.507797241210938,13.122451782226562,144,0,"('num', 13.95, 0.02)",
2026-04-27T11:10:26.640714+00:00,qwen3.5:9b,fin_cagr,finance,2,True,False,59.30421391699929,0.160181708,0.279488917,60,1024,214.67756447744938,17.51518613829986,13.376556396484375,13.119766235351562,144,0,"('num', 13.95, 0.02)",
2026-04-27T11:11:26.212497+00:00,qwen3.5:9b,fin_sharpe,finance,0,True,False,59.32695879100356,0.162454209,0.273051208,51,1024,186.7781518842429,17.50636287431836,13.322433471679688,13.138946533203125,150,0,"('num', 0.533, 0.02)",
2026-04-27T11:12:25.766545+00:00,qwen3.5:9b,fin_sharpe,finance,1,True,False,59.388752083003055,0.160113625,0.272096417,51,1024,187.43355962677012,17.486789825303273,13.46343994140625,13.151596069335938,150,0,"('num', 0.533, 0.02)",
2026-04-27T11:13:25.341722+00:00,qwen3.5:9b,fin_sharpe,finance,2,True,False,59.35731370898429,0.16384725,0.274908209,51,1024,185.5164681531936,17.498072828559955,13.445907592773438,13.108810424804688,150,0,"('num', 0.533, 0.02)",
2026-04-27T11:17:31.647772+00:00,qwen3.5:9b,reason_trains,reasoning,0,True,False,245.89571066695498,0.161450792,0.38529125,71,4096,184.27618068149746,16.80279787237905,13.486221313476562,13.096023559570312,202,0,"('substr', ['17:24', '5:24'])",
2026-04-27T11:21:37.641182+00:00,qwen3.5:9b,reason_trains,reasoning,1,True,False,245.85322866600472,0.162271208,0.388767458,71,4096,182.62845446287326,16.805809981169634,13.47216796875,13.156692504882812,202,0,"('substr', ['17:24', '5:24'])",
2026-04-27T11:25:43.602405+00:00,qwen3.5:9b,reason_trains,reasoning,2,True,False,245.92285362497205,0.161967917,0.378549125,71,4096,187.55821982153572,16.80053655258662,13.441299438476562,13.153350830078125,202,0,"('substr', ['17:24', '5:24'])",
2026-04-27T11:26:02.362311+00:00,qwen3.5:9b,reason_ages,reasoning,0,True,True,18.415335667028558,0.126382166,0.264873375,44,315,166.11711161984476,17.598684221893052,13.459625244140625,13.18603515625,120,2,"('num', 26, 0.001)",
2026-04-27T11:26:21.169163+00:00,qwen3.5:9b,reason_ages,reasoning,1,True,True,18.45278079097625,0.15773375,0.271759333,44,315,161.9079628812601,17.60171702431733,13.446548461914062,13.19940185546875,120,2,"('num', 26, 0.001)",
2026-04-27T11:26:39.902220+00:00,qwen3.5:9b,reason_ages,reasoning,2,True,True,18.50697729201056,0.161313958,0.270354459,44,315,162.74930386851878,17.552237852805042,13.427474975585938,13.210479736328125,120,2,"('num', 26, 0.001)",
2026-04-27T11:29:22.274608+00:00,qwen3.5:9b,reason_prob,reasoning,0,True,True,162.25977445801254,0.162548875,0.271824792,48,2795,176.58433451500628,17.387438437665477,13.441192626953125,13.149459838867188,150,658,"('num', 0.3, 0.05)",
2026-04-27T11:32:04.981601+00:00,qwen3.5:9b,reason_prob,reasoning,1,True,True,162.40594808396418,0.156138625,0.268133042,48,2795,179.01560972108766,17.370909835132135,13.441558837890625,13.120391845703125,150,658,"('num', 0.3, 0.05)",
2026-04-27T11:34:47.612779+00:00,qwen3.5:9b,reason_prob,reasoning,2,True,True,162.37798124999972,0.162507375,0.274724959,48,2795,174.72020079544356,17.37529060483199,13.5419921875,13.1583251953125,150,658,"('num', 0.3, 0.05)",
2026-04-27T11:38:51.560847+00:00,qwen3.5:9b,reason_discount,reasoning,0,True,False,243.79383604199393,0.159281875,0.276274833,56,4062,202.69671106814135,16.799632673555074,13.472183227539062,13.143081665039062,158,0,"('num', 54.0, 0.01)",
2026-04-27T11:42:55.531030+00:00,qwen3.5:9b,reason_discount,reasoning,1,True,False,243.78115191601682,0.164773209,0.278099042,56,4062,201.36710862887472,16.800912567042914,13.41241455078125,13.186141967773438,158,0,"('num', 54.0, 0.01)",
2026-04-27T11:47:01.380219+00:00,qwen3.5:9b,reason_discount,reasoning,2,True,False,245.56319479102967,0.162304333,0.276337,56,4062,202.65111078140097,16.678231626888817,13.509552001953125,13.155868530273438,158,0,"('num', 54.0, 0.01)",
2026-04-27T11:47:58.053286+00:00,qwen3.5:9b,reason_syllogism,reasoning,0,True,True,56.58196258399403,0.162011791,0.389904,74,971,189.79030735770857,17.44823869555831,13.498397827148438,13.12451171875,204,1,"('mcq', 'D')",
2026-04-27T11:48:54.798485+00:00,qwen3.5:9b,reason_syllogism,reasoning,1,True,True,56.7131887919968,0.139021166,0.386345917,74,971,191.53819606692,17.39838044280099,13.426925659179688,13.122711181640625,204,1,"('mcq', 'D')",
2026-04-27T11:49:51.548067+00:00,qwen3.5:9b,reason_syllogism,reasoning,2,True,True,56.534636833996046,0.123122542,0.387433125,74,971,191.0007049603722,17.44968524649247,13.381011962890625,13.1953125,204,1,"('mcq', 'D')",
2026-04-27T11:51:40.792498+00:00,qwen3.5:9b,code_fizzbuzz,code,0,False,False,109.20304504199885,0.160572917,0.384359292,65,1877,169.11260207025254,17.39127214140251,13.425750732421875,13.199371337890625,208,322,"('code', None, 0)",
2026-04-27T11:53:30.100808+00:00,qwen3.5:9b,code_fizzbuzz,code,1,False,False,109.21382508298848,0.125516542,0.3838645,65,1877,169.33058409933713,17.38319150995221,13.411087036132812,13.20556640625,208,322,"('code', None, 0)",
2026-04-27T11:55:19.834517+00:00,qwen3.5:9b,code_fizzbuzz,code,2,False,False,109.32489062496461,0.13673175,0.381718792,65,1877,170.2824208874684,17.36735072355692,13.505645751953125,13.202560424804688,208,322,"('code', None, 0)",
2026-04-27T11:56:34.074821+00:00,qwen3.5:9b,code_reverse_words,code,0,False,True,74.11449924996123,0.160478125,0.274698083,54,1274,196.5794570179072,17.407723237291826,13.505950927734375,13.141204833984375,193,72,"('code', None, 0)",
2026-04-27T11:57:48.703852+00:00,qwen3.5:9b,code_reverse_words,code,1,False,True,74.25316741701681,0.154871458,0.275597125,54,1274,195.9381833174058,17.37439565451924,13.495513916015625,13.183135986328125,193,72,"('code', None, 0)",
2026-04-27T11:59:02.887269+00:00,qwen3.5:9b,code_reverse_words,code,2,False,True,74.02131187502528,0.160219917,0.281003083,54,1274,192.16871012052206,17.43179045273923,13.359207153320312,13.18719482421875,193,72,"('code', None, 0)",
2026-04-27T12:03:08.078125+00:00,qwen3.5:9b,code_dedup,code,0,False,False,245.04203779099043,0.162127208,0.274873667,38,4068,138.245327079658,16.73824375302631,13.50457763671875,13.16461181640625,146,0,"('code', None, 0)",
2026-04-27T12:07:13.484278+00:00,qwen3.5:9b,code_dedup,code,1,False,False,245.1174513750011,0.167228,0.273381875,38,4068,138.99970508286256,16.733963143138006,13.476394653320312,13.101516723632812,146,0,"('code', None, 0)",
2026-04-27T12:11:18.788611+00:00,qwen3.5:9b,code_dedup,code,2,False,False,245.02920679200906,0.163836583,0.270067792,38,4068,140.70541221738875,16.73925350835317,13.467117309570312,13.13592529296875,146,0,"('code', None, 0)",
2026-04-27T12:11:21.234936+00:00,granite4:3b,fin_pe,finance,0,True,True,0.27222054201411083,0.101,0.103251958,59,4,571.4177352452725,70.11183486194953,14.454833984375,14.454833984375,105,5,"('num', 15.0, 0.02)",
2026-04-27T12:11:21.647000+00:00,granite4:3b,fin_pe,finance,1,True,True,0.18536391598172486,0.099287959,0.023488916,59,4,2511.823023250626,72.95597911000381,14.49407958984375,14.49407958984375,105,5,"('num', 15.0, 0.02)",
2026-04-27T12:11:22.059312+00:00,granite4:3b,fin_pe,finance,2,True,True,0.19125974999042228,0.104038292,0.022553125,59,4,2616.045448247194,72.29144338776645,14.477432250976562,14.477432250976562,105,5,"('num', 15.0, 0.02)",
2026-04-27T12:11:25.320457+00:00,granite4:3b,fin_pv,finance,0,True,True,2.8825649589998648,0.085490084,0.102248417,70,146,684.6071758744197,54.97683261776172,14.446151733398438,14.2283935546875,159,446,"('num', 68058, 0.01)",
2026-04-27T12:11:28.192323+00:00,granite4:3b,fin_pv,finance,1,True,True,2.796394250006415,0.085942083,0.019901333,70,146,3517.3523301177866,55.046806435243745,14.360610961914062,14.224075317382812,159,446,"('num', 68058, 0.01)",
2026-04-27T12:11:31.045580+00:00,granite4:3b,fin_pv,finance,2,True,True,2.7904209999833256,0.078058916,0.0206415,70,146,3391.2264128091465,54.98804163759595,14.380416870117188,14.229141235351562,159,446,"('num', 68058, 0.01)",
2026-04-27T12:11:33.886311+00:00,granite4:3b,fin_zerocoupon,finance,0,True,True,2.8090383330127224,0.076016875,0.10201525,71,143,695.974376380002,55.13843096893238,14.309463500976562,14.255905151367188,159,503,"('num', 863.84, 0.01)",
2026-04-27T12:11:36.739727+00:00,granite4:3b,fin_zerocoupon,finance,1,True,True,2.7047769589698873,0.052577833,0.019810917,71,143,3583.8825633361644,55.0593573331199,14.277191162109375,14.23883056640625,159,503,"('num', 863.84, 0.01)",
2026-04-27T12:11:39.602281+00:00,granite4:3b,fin_zerocoupon,finance,2,True,True,2.744579791033175,0.084672625,0.024574417,71,143,2889.1834951771184,55.02950428037186,14.267135620117188,14.221893310546875,159,503,"('num', 863.84, 0.01)",
2026-04-27T12:11:40.014547+00:00,granite4:3b,fin_cagr,finance,0,True,False,0.2526862499653362,0.083253125,0.103353833,72,4,696.6359922035982,69.53634469166063,14.201889038085938,14.201889038085938,144,5,"('num', 13.95, 0.02)",
2026-04-27T12:11:40.426313+00:00,granite4:3b,fin_cagr,finance,1,True,False,0.17251850001048297,0.084836833,0.023708208,72,4,3036.9229087242693,72.97888534750739,14.252273559570312,14.252273559570312,144,5,"('num', 13.95, 0.02)",
2026-04-27T12:11:40.832975+00:00,granite4:3b,fin_cagr,finance,2,True,False,0.16944408300332725,0.085347375,0.022425917,72,4,3210.571054909371,73.08149608126969,14.25372314453125,14.25372314453125,144,5,"('num', 13.95, 0.02)",
2026-04-27T12:11:41.245038+00:00,granite4:3b,fin_sharpe,finance,0,True,False,0.25397287495434284,0.084202083,0.104949916,69,4,657.4564576116478,70.25329156868821,14.254745483398438,14.254745483398438,150,3,"('num', 0.533, 0.02)",
2026-04-27T12:11:41.656892+00:00,granite4:3b,fin_sharpe,finance,1,True,False,0.16837504197610542,0.084828584,0.021487833,69,4,3211.1195205212175,72.8976451272289,14.256973266601562,14.256973266601562,150,3,"('num', 0.533, 0.02)",
2026-04-27T12:11:42.069195+00:00,granite4:3b,fin_sharpe,finance,2,True,False,0.1719118329929188,0.086492542,0.020284708,69,4,3401.5771880965704,72.83846262697634,14.25799560546875,14.25799560546875,150,3,"('num', 0.533, 0.02)",
2026-04-27T12:11:46.575384+00:00,granite4:3b,reason_trains,reasoning,0,True,False,4.278983791009523,0.086106417,0.102348125,86,221,840.2694235971592,54.754863676952176,14.261581420898438,14.189178466796875,202,796,"('substr', ['17:24', '5:24'])",
2026-04-27T12:11:51.042018+00:00,granite4:3b,reason_trains,reasoning,1,True,False,4.19668458297383,0.077709125,0.022877166,86,221,3759.2068877762217,54.68526243750294,14.368408203125,14.139480590820312,202,796,"('substr', ['17:24', '5:24'])",
2026-04-27T12:11:55.524293+00:00,granite4:3b,reason_trains,reasoning,2,True,False,4.196201250015292,0.087274375,0.021263708,86,221,4044.4498203229655,54.799105153921055,14.29168701171875,14.184585571289062,202,796,"('substr', ['17:24', '5:24'])",
2026-04-27T12:11:55.937071+00:00,granite4:3b,reason_ages,reasoning,0,True,True,0.21962241700384766,0.086968458,0.104894834,63,2,600.6015510735257,101.62687347870921,14.195068359375,14.195068359375,120,2,"('num', 26, 0.001)",
2026-04-27T12:11:56.349258+00:00,granite4:3b,reason_ages,reasoning,1,True,True,0.12615925003774464,0.078092375,0.020963542,63,2,3005.217343519525,109.85514939421478,14.2794189453125,14.2794189453125,120,2,"('num', 26, 0.001)",
2026-04-27T12:11:56.761362+00:00,granite4:3b,reason_ages,reasoning,2,True,True,0.13047741702757776,0.085075709,0.02103175,63,2,2995.4711329299753,110.42580244636218,14.37823486328125,14.37823486328125,120,2,"('num', 26, 0.001)",
2026-04-27T12:12:00.011623+00:00,granite4:3b,reason_prob,reasoning,0,True,False,2.992675124958623,0.085940084,0.103215792,68,152,658.8139148319474,55.02141446120235,14.386581420898438,14.249786376953125,150,563,"('num', 0.3, 0.05)",
2026-04-27T12:12:03.275317+00:00,granite4:3b,reason_prob,reasoning,1,True,False,2.9085993329645135,0.080799417,0.021293625,68,152,3193.4440472207057,54.991860504584466,14.307998657226562,14.216400146484375,150,563,"('num', 0.3, 0.05)",
2026-04-27T12:12:06.546054+00:00,granite4:3b,reason_prob,reasoning,2,True,False,2.9098677080473863,0.083425166,0.020419625,68,152,3330.1297158983084,55.00193436918136,14.288803100585938,14.215179443359375,150,563,"('num', 0.3, 0.05)",
2026-04-27T12:12:07.367618+00:00,granite4:3b,reason_discount,reasoning,0,True,False,0.4518219589954242,0.080182333,0.102013084,73,15,715.5944819784097,58.097632304198456,14.266677856445312,14.2144775390625,158,64,"('num', 54.0, 0.01)",
2026-04-27T12:12:07.779687+00:00,granite4:3b,reason_discount,reasoning,1,True,False,0.37125145801110193,0.080932959,0.019682084,73,15,3708.9568360748794,57.99113848237864,14.266525268554688,14.266525268554688,158,64,"('num', 54.0, 0.01)",
2026-04-27T12:12:08.188826+00:00,granite4:3b,reason_discount,reasoning,2,True,False,0.34885999996913597,0.063003958,0.021262917,73,15,3433.207212350027,58.7645436369047,14.390167236328125,14.390167236328125,158,64,"('num', 54.0, 0.01)",
2026-04-27T12:12:08.601013+00:00,granite4:3b,reason_syllogism,reasoning,0,True,False,0.25017199997091666,0.073635584,0.150777625,97,2,643.3315287994488,107.00002739200701,14.39093017578125,14.39093017578125,204,1,"('mcq', 'D')",
2026-04-27T12:12:09.013048+00:00,granite4:3b,reason_syllogism,reasoning,1,True,False,0.13523670803988352,0.083421125,0.024580958,97,2,3946.144003012413,109.72933230195078,14.337203979492188,14.337203979492188,204,1,"('mcq', 'D')",
2026-04-27T12:12:09.424994+00:00,granite4:3b,reason_syllogism,reasoning,2,True,False,0.1334937500068918,0.086211959,0.022119459,97,2,4385.279043217106,110.00268131535707,14.337203979492188,14.337203979492188,204,1,"('mcq', 'D')",
2026-04-27T12:12:11.859956+00:00,granite4:3b,code_fizzbuzz,code,0,False,True,2.2309918330283836,0.084308625,0.101576083,84,111,826.9663243462538,55.10547349219483,14.318008422851562,14.272201538085938,208,398,"('code', None, 0)",
2026-04-27T12:12:14.297216+00:00,granite4:3b,code_fizzbuzz,code,1,False,True,2.150699416990392,0.084434458,0.023156125,84,111,3627.549946288509,55.16121375333349,14.2989501953125,14.221328735351562,208,398,"('code', None, 0)",
2026-04-27T12:12:16.742628+00:00,granite4:3b,code_fizzbuzz,code,2,False,True,2.1486420829896815,0.085026917,0.020259583,84,111,4146.186029593995,55.1835843631686,14.284805297851562,14.241912841796875,208,398,"('code', None, 0)",
2026-04-27T12:12:18.765768+00:00,granite4:3b,code_reverse_words,code,0,False,True,1.7862099999911152,0.084369334,0.1022905,74,87,723.4298395256646,55.25517768324922,14.274887084960938,14.23193359375,193,356,"('code', None, 0)",
2026-04-27T12:12:20.814435+00:00,granite4:3b,code_reverse_words,code,1,False,True,1.699665208987426,0.082369708,0.020486667,74,87,3612.1053756572505,55.40258240976045,14.357574462890625,14.232086181640625,193,356,"('code', None, 0)",
2026-04-27T12:12:22.853495+00:00,granite4:3b,code_reverse_words,code,2,False,True,1.7075335000408813,0.085439667,0.023345708,74,87,3169.747518473203,55.31725007855415,14.358047485351562,14.330657958984375,193,356,"('code', None, 0)",
2026-04-27T12:12:24.899048+00:00,granite4:3b,code_dedup,code,0,False,True,1.753383125003893,0.086169458,0.06646875,58,87,872.5905030559475,55.311987804436555,14.3594970703125,14.293304443359375,146,382,"('code', None, 0)",
2026-04-27T12:12:26.952461+00:00,granite4:3b,code_dedup,code,1,False,True,1.7044747499749064,0.083224209,0.023763625,58,87,2440.705069197145,55.45948849500848,14.297760009765625,14.258132934570312,146,382,"('code', None, 0)",
2026-04-27T12:12:29.002436+00:00,granite4:3b,code_dedup,code,2,False,True,1.7119525000452995,0.084423917,0.022052708,58,87,2630.062484843131,55.126266269345265,14.31170654296875,14.251113891601562,146,382,"('code', None, 0)",
2026-04-27T12:13:11.813429+00:00,olmo-3:7b-think-q8_0,fin_pe,finance,0,True,True,38.59569137496874,0.093667833,0.181672084,85,671,467.8759561100207,17.564027045031573,14.059356689453125,13.845489501953125,105,2,"('num', 15.0, 0.02)",
2026-04-27T12:13:50.521808+00:00,olmo-3:7b-think-q8_0,fin_pe,finance,1,True,True,38.50552633398911,0.092870292,0.059306334,85,671,1433.236456665826,17.548785624034817,14.132049560546875,13.774124145507812,105,2,"('num', 15.0, 0.02)",
2026-04-27T12:14:29.221035+00:00,olmo-3:7b-think-q8_0,fin_pe,finance,2,True,True,38.69370912498562,0.093146666,0.058429458,85,671,1454.7456524412737,17.463079494676077,14.094482421875,13.864669799804688,105,2,"('num', 15.0, 0.02)",
2026-04-27T12:15:28.785383+00:00,olmo-3:7b-think-q8_0,fin_pv,finance,0,True,False,59.50178837496787,0.050501125,0.177395,96,1024,541.1651963133121,17.326480480366513,14.065689086914062,13.798873901367188,159,0,"('num', 68058, 0.01)",
2026-04-27T12:16:28.272256+00:00,olmo-3:7b-think-q8_0,fin_pv,finance,1,True,False,59.36416616698261,0.051004125,0.059142583,96,1024,1623.1959297415199,17.33251257467846,14.079299926757812,13.770614624023438,159,0,"('num', 68058, 0.01)",
2026-04-27T12:17:27.854893+00:00,olmo-3:7b-think-q8_0,fin_pv,finance,2,True,False,59.41782804200193,0.0789755,0.059256459,96,1024,1620.076555705092,17.325054931391026,14.066558837890625,13.757095336914062,159,0,"('num', 68058, 0.01)",
2026-04-27T12:18:27.820137+00:00,olmo-3:7b-think-q8_0,fin_zerocoupon,finance,0,True,False,59.64966537500732,0.092163291,0.240708958,97,1024,402.976278099297,17.314555035732084,14.012298583984375,13.778305053710938,159,0,"('num', 863.84, 0.01)",
2026-04-27T12:19:27.418667+00:00,olmo-3:7b-think-q8_0,fin_zerocoupon,finance,1,True,False,59.446644541982096,0.090016417,0.057683583,97,1024,1681.5876364684214,17.31965668121842,14.004257202148438,13.774765014648438,159,0,"('num', 863.84, 0.01)",
2026-04-27T12:20:27.020841+00:00,olmo-3:7b-think-q8_0,fin_zerocoupon,finance,2,True,False,59.46960216696607,0.053304666,0.065403,97,1024,1483.112395455866,17.304397115466763,14.083999633789062,13.625076293945312,159,0,"('num', 863.84, 0.01)",
2026-04-27T12:21:27.029192+00:00,olmo-3:7b-think-q8_0,fin_cagr,finance,0,True,False,59.68862349999836,0.086783542,0.181705042,98,1024,539.335611831839,17.284100984586477,13.988494873046875,13.67889404296875,144,0,"('num', 13.95, 0.02)",
2026-04-27T12:22:26.961626+00:00,olmo-3:7b-think-q8_0,fin_cagr,finance,1,True,False,59.65803358296398,0.0932335,0.058025375,98,1024,1688.9162715449922,17.25901453431608,14.050872802734375,13.739410400390625,144,0,"('num', 13.95, 0.02)",
2026-04-27T12:23:26.896597+00:00,olmo-3:7b-think-q8_0,fin_cagr,finance,2,True,False,59.736492292024195,0.089961375,0.05897375,98,1024,1661.7562898747324,17.235516449999405,14.109817504882812,13.608932495117188,144,0,"('num', 13.95, 0.02)",
2026-04-27T12:24:26.861418+00:00,olmo-3:7b-think-q8_0,fin_sharpe,finance,0,True,False,59.65229266701499,0.091098083,0.182492375,95,1024,520.5696950352035,17.29618568020859,13.956756591796875,13.670166015625,150,0,"('num', 0.533, 0.02)",
2026-04-27T12:25:26.780987+00:00,olmo-3:7b-think-q8_0,fin_sharpe,finance,1,True,False,59.53839004097972,0.094472708,0.057733583,95,1024,1645.4894199100722,17.294514189871048,14.01336669921875,13.710983276367188,150,0,"('num', 0.533, 0.02)",
2026-04-27T12:26:26.335288+00:00,olmo-3:7b-think-q8_0,fin_sharpe,finance,2,True,False,59.4418290409958,0.090208166,0.056723792,95,1024,1674.7822501006278,17.321343516965435,14.004043579101562,13.705718994140625,150,0,"('num', 0.533, 0.02)",
2026-04-27T12:30:48.281677+00:00,olmo-3:7b-think-q8_0,reason_trains,reasoning,0,True,False,261.6235932079726,0.074699083,0.18885075,112,4096,593.0609224480178,15.718954638969324,13.9549560546875,13.66522216796875,202,617,"('substr', ['17:24', '5:24'])",
2026-04-27T12:35:10.153732+00:00,olmo-3:7b-think-q8_0,reason_trains,reasoning,1,True,False,261.6560030419496,0.092238375,0.339551916,112,4096,329.84646742502844,15.725817299632192,14.016342163085938,13.708648681640625,202,617,"('substr', ['17:24', '5:24'])",
2026-04-27T12:39:32.485052+00:00,olmo-3:7b-think-q8_0,reason_trains,reasoning,2,True,False,261.9266096660285,0.091853375,0.342660833,112,4096,326.8538134908462,15.709735983140131,14.010604858398438,13.657623291015625,202,617,"('substr', ['17:24', '5:24'])",
2026-04-27T12:39:59.813670+00:00,olmo-3:7b-think-q8_0,reason_ages,reasoning,0,True,True,27.30279954202706,0.088435334,0.259187333,89,474,343.3809784215033,17.64025220940253,14.019073486328125,13.70745849609375,120,2,"('num', 26, 0.001)",
2026-04-27T12:40:27.150595+00:00,olmo-3:7b-think-q8_0,reason_ages,reasoning,1,True,True,27.010963584005367,0.04933125,0.058581375,89,474,1519.2541998203355,17.67506487169243,13.97833251953125,13.6942138671875,120,2,"('num', 26, 0.001)",
2026-04-27T12:40:54.506869+00:00,olmo-3:7b-think-q8_0,reason_ages,reasoning,2,True,True,27.076833041966893,0.092955625,0.059731667,89,474,1489.996922402986,17.66109570261551,13.967987060546875,13.6951904296875,120,2,"('num', 26, 0.001)",
2026-04-27T12:44:58.009194+00:00,olmo-3:7b-think-q8_0,reason_prob,reasoning,0,True,True,243.4288950409973,0.092627125,0.184190291,94,3823,510.3417747464224,15.764726333684923,13.963211059570312,13.6663818359375,150,1410,"('num', 0.3, 0.05)",
2026-04-27T12:49:00.907450+00:00,olmo-3:7b-think-q8_0,reason_prob,reasoning,1,True,True,242.77098299999489,0.055743,0.059269542,94,3823,1585.9747996702927,15.797047355637982,13.979568481445312,13.652023315429688,150,1410,"('num', 0.3, 0.05)",
2026-04-27T12:53:03.656579+00:00,olmo-3:7b-think-q8_0,reason_prob,reasoning,2,True,True,242.6403490420198,0.071238292,0.057757,94,3823,1627.508353965753,15.806263096000674,13.991851806640625,13.623031616210938,150,1410,"('num', 0.3, 0.05)",
2026-04-27T12:55:27.549660+00:00,olmo-3:7b-think-q8_0,reason_discount,reasoning,0,True,True,143.88173883297713,0.075815625,0.185915458,99,2369,532.5001001261552,16.54136243311063,13.972213745117188,13.655624389648438,158,773,"('num', 54.0, 0.01)",
2026-04-27T12:57:51.507476+00:00,olmo-3:7b-think-q8_0,reason_discount,reasoning,1,True,True,143.89741704100743,0.05105675,0.060124375,99,2369,1646.5867628561627,16.521695295560527,13.961990356445312,13.666152954101562,158,773,"('num', 54.0, 0.01)",
2026-04-27T13:00:15.582177+00:00,olmo-3:7b-think-q8_0,reason_discount,reasoning,2,True,True,143.86958141700597,0.052189209,0.057853458,99,2369,1711.2200968177217,16.52512004430218,14.010955810546875,13.644119262695312,158,773,"('num', 54.0, 0.01)",
2026-04-27T13:02:00.372883+00:00,olmo-3:7b-think-q8_0,reason_syllogism,reasoning,0,True,True,104.5702518330072,0.091460417,0.259262,123,1751,474.4235560938356,16.849435739156522,13.986328125,13.64227294921875,204,1,"('mcq', 'D')",
2026-04-27T13:03:45.312522+00:00,olmo-3:7b-think-q8_0,reason_syllogism,reasoning,1,True,True,104.54518324998207,0.0886285,0.058322291,123,1751,2108.970650689974,16.821177386933513,14.007705688476562,13.700958251953125,204,1,"('mcq', 'D')",
2026-04-27T13:05:29.676805+00:00,olmo-3:7b-think-q8_0,reason_syllogism,reasoning,2,True,True,104.320015958976,0.09298125,0.059076458,123,1751,2082.0476407031715,16.858039502080263,13.94293212890625,13.731460571289062,204,1,"('mcq', 'D')",
2026-04-27T13:08:17.817510+00:00,olmo-3:7b-think-q8_0,code_fizzbuzz,code,0,False,False,167.92119625001214,0.051569125,0.180127958,110,2731,610.6769944063875,16.330805840334158,14.009033203125,13.625457763671875,208,245,"('code', None, 0)",
2026-04-27T13:11:06.777046+00:00,olmo-3:7b-think-q8_0,code_fizzbuzz,code,1,False,False,168.5817816250492,0.094058875,0.057764625,110,2731,1904.2796521227308,16.259392554358975,14.52899169921875,13.548248291015625,208,245,"('code', None, 0)",
2026-04-27T13:13:55.199021+00:00,olmo-3:7b-think-q8_0,code_fizzbuzz,code,2,False,False,168.2228983329842,0.091260958,0.057620667,110,2731,1909.037255677724,16.293338254133403,13.885696411132812,13.573211669921875,208,245,"('code', None, 0)",
2026-04-27T13:14:59.653219+00:00,olmo-3:7b-think-q8_0,code_reverse_words,code,0,False,True,64.13441533304285,0.08971175,0.181200083,100,1097,551.8761269000081,17.228443105060098,13.815719604492188,13.570571899414062,193,1225,"('code', None, 0)",
2026-04-27T13:16:03.752533+00:00,olmo-3:7b-think-q8_0,code_reverse_words,code,1,False,True,63.874392582976725,0.092944583,0.058709667,100,1097,1703.2970055851279,17.266849752875334,13.861495971679688,13.531661987304688,193,1225,"('code', None, 0)",
2026-04-27T13:17:07.828896+00:00,olmo-3:7b-think-q8_0,code_reverse_words,code,2,False,True,63.878648667014204,0.092105,0.058365333,100,1097,1713.3458315058358,17.265597651501615,13.734298706054688,13.559677124023438,193,1225,"('code', None, 0)",
2026-04-27T13:18:11.952831+00:00,olmo-3:7b-think-q8_0,code_dedup,code,0,False,True,64.07193512498634,0.092412125,0.107229334,84,1097,783.3677303264795,17.226056663633273,13.772705078125,13.600662231445312,146,189,"('code', None, 0)",
2026-04-27T13:19:15.977326+00:00,olmo-3:7b-think-q8_0,code_dedup,code,1,False,True,63.80405404197518,0.050224,0.057374542,84,1097,1464.0639745760411,17.273231352569493,13.802383422851562,13.585250854492188,146,189,"('code', None, 0)",
2026-04-27T13:20:20.009933+00:00,olmo-3:7b-think-q8_0,code_dedup,code,2,False,True,63.93212566699367,0.092931333,0.059734417,84,1097,1406.224488639439,17.2513876253575,13.81378173828125,13.57781982421875,146,189,"('code', None, 0)",
2026-04-27T13:20:24.477180+00:00,nemotron-3-nano:4b,fin_pe,finance,0,True,True,1.979148082959,0.128852,0.146306458,47,58,321.24350929198215,34.489443195608466,9.977462768554688,9.571624755859375,105,145,"('num', 15.0, 0.02)",
2026-04-27T13:20:26.529999+00:00,nemotron-3-nano:4b,fin_pe,finance,1,True,True,1.9336627080338076,0.095233291,0.142902458,47,58,328.8956723193662,34.60198236355811,10.00164794921875,9.979690551757812,105,145,"('num', 15.0, 0.02)",
2026-04-27T13:20:28.572960+00:00,nemotron-3-nano:4b,fin_pe,finance,2,True,True,1.9704442920046858,0.12871775,0.139186083,47,58,337.67743862725126,34.47918580218132,10.052932739257812,9.953887939453125,105,145,"('num', 15.0, 0.02)",
2026-04-27T13:20:39.179378+00:00,nemotron-3-nano:4b,fin_pv,finance,0,True,True,10.432959958037827,0.117860875,0.156512416,60,343,383.3561677304886,34.03645615565342,10.034194946289062,9.859130859375,159,570,"('num', 68058, 0.01)",
2026-04-27T13:20:49.775739+00:00,nemotron-3-nano:4b,fin_pv,finance,1,True,True,10.434277417021804,0.127759417,0.149364334,60,343,401.70232339401724,34.03554000136626,9.957305908203125,9.855010986328125,159,570,"('num', 68058, 0.01)",
2026-04-27T13:21:00.411907+00:00,nemotron-3-nano:4b,fin_pv,finance,2,True,True,10.4464075830183,0.130245958,0.15042475,60,343,398.87053161132064,34.00748261821496,10.01318359375,9.892532348632812,159,570,"('num', 68058, 0.01)",
2026-04-27T13:21:06.948291+00:00,nemotron-3-nano:4b,fin_zerocoupon,finance,0,True,True,6.431155917001888,0.130258667,0.152218958,59,208,387.59955248149845,34.12259917977396,10.016860961914062,9.914993286132812,159,371,"('num', 863.84, 0.01)",
2026-04-27T13:21:13.486946+00:00,nemotron-3-nano:4b,fin_zerocoupon,finance,1,True,True,6.435420208028518,0.122990958,0.150860833,59,208,391.0889183543087,34.0392627368529,10.012344360351562,9.922134399414062,159,371,"('num', 863.84, 0.01)",
2026-04-27T13:21:20.045252+00:00,nemotron-3-nano:4b,fin_zerocoupon,finance,2,True,True,6.432043042033911,0.121634583,0.147864375,59,208,399.01429942134473,34.03334276074926,10.018264770507812,9.94036865234375,159,371,"('num', 863.84, 0.01)",
2026-04-27T13:21:26.592005+00:00,nemotron-3-nano:4b,fin_cagr,finance,0,True,True,6.410509291978087,0.128592084,0.207563791,67,205,322.792331346463,34.0398308811868,10.030166625976562,9.943084716796875,144,414,"('num', 13.95, 0.02)",
2026-04-27T13:21:33.124396+00:00,nemotron-3-nano:4b,fin_cagr,finance,1,True,True,6.410455500008538,0.129007375,0.19753775,67,205,339.1756765479003,33.982173431546634,10.153732299804688,9.971267700195312,144,414,"('num', 13.95, 0.02)",
2026-04-27T13:21:39.640005+00:00,nemotron-3-nano:4b,fin_cagr,finance,2,True,True,6.3886451669968665,0.125489292,0.195006167,67,205,343.57887768749384,34.07265098323673,10.087615966796875,9.994277954101562,144,414,"('num', 13.95, 0.02)",
2026-04-27T13:21:44.144460+00:00,nemotron-3-nano:4b,fin_sharpe,finance,0,True,True,4.206886374973692,0.127407667,0.146538416,57,133,388.9764988315419,34.136066358451494,10.07452392578125,9.993148803710938,150,308,"('num', 0.533, 0.02)",
2026-04-27T13:21:48.625036+00:00,nemotron-3-nano:4b,fin_sharpe,finance,1,True,True,4.203101958031766,0.127257583,0.147058666,57,133,387.60041519756476,34.174126774477465,10.080459594726562,10.020401000976562,150,308,"('num', 0.533, 0.02)",
2026-04-27T13:21:53.102241+00:00,nemotron-3-nano:4b,fin_sharpe,finance,2,True,True,4.205698125006165,0.127879625,0.150568042,57,133,378.5663892740267,34.18849697737956,10.085968017578125,10.022048950195312,150,308,"('num', 0.533, 0.02)",
2026-04-27T13:22:05.349153+00:00,nemotron-3-nano:4b,reason_trains,reasoning,0,True,True,11.83914445899427,0.1276445,0.203478167,77,388,378.4189779928576,33.98193911994704,10.090423583984375,9.969970703125,202,951,"('substr', ['17:24', '5:24'])",
2026-04-27T13:22:17.579945+00:00,nemotron-3-nano:4b,reason_trains,reasoning,1,True,True,11.83342529204674,0.12812125,0.203735125,77,388,377.94170249239056,34.002166365478324,10.087158203125,9.967849731445312,202,951,"('substr', ['17:24', '5:24'])",
2026-04-27T13:22:29.442551+00:00,nemotron-3-nano:4b,reason_trains,reasoning,2,True,True,11.834808374987915,0.125547375,0.199668625,77,388,385.63895554446776,33.96517720399746,10.196807861328125,10.0247802734375,202,951,"('substr', ['17:24', '5:24'])",
2026-04-27T13:22:31.491300+00:00,nemotron-3-nano:4b,reason_ages,reasoning,0,True,True,1.8339902919833548,0.086223167,0.138777667,50,55,360.28851818066664,34.6031329188326,10.185150146484375,10.08966064453125,120,163,"('num', 26, 0.001)",
2026-04-27T13:22:33.530252+00:00,nemotron-3-nano:4b,reason_ages,reasoning,1,True,True,1.8836499589961022,0.129132833,0.14656725,50,55,341.14032978035675,34.64569395252546,10.158233642578125,10.118087768554688,120,163,"('num', 26, 0.001)",
2026-04-27T13:22:35.576429+00:00,nemotron-3-nano:4b,reason_ages,reasoning,2,True,True,1.879833334009163,0.129378709,0.142664916,50,55,350.47159036633786,34.63674743247899,10.138702392578125,10.10723876953125,120,163,"('num', 26, 0.001)",
2026-04-27T13:22:40.482131+00:00,nemotron-3-nano:4b,reason_prob,reasoning,0,True,True,4.561045082984492,0.128248042,0.148328375,54,145,364.0571131450742,34.1676084473094,10.130569458007812,10.04608154296875,150,395,"('num', 0.3, 0.05)",
2026-04-27T13:22:45.366325+00:00,nemotron-3-nano:4b,reason_prob,reasoning,1,True,True,4.553340333979577,0.127555833,0.148305333,54,145,364.1136762087982,34.21136441474295,10.112838745117188,10.044265747070312,150,395,"('num', 0.3, 0.05)",
2026-04-27T13:22:50.269909+00:00,nemotron-3-nano:4b,reason_prob,reasoning,2,True,True,4.553741083014756,0.127763833,0.144675667,54,145,373.2486680016481,34.1789728779415,10.1114501953125,10.043136596679688,150,395,"('num', 0.3, 0.05)",
2026-04-27T13:22:53.947558+00:00,nemotron-3-nano:4b,reason_discount,reasoning,0,True,True,3.2829966669669375,0.126197875,0.153619625,62,102,403.5942673340076,34.31027454899715,10.111038208007812,10.04241943359375,158,210,"('num', 54.0, 0.01)",
2026-04-27T13:22:57.611972+00:00,nemotron-3-nano:4b,reason_discount,reasoning,1,True,True,3.269660916994326,0.119286875,0.151873042,62,102,408.2357157236634,34.34401594835897,10.113494873046875,10.046493530273438,158,210,"('num', 54.0, 0.01)",
2026-04-27T13:23:01.278495+00:00,nemotron-3-nano:4b,reason_discount,reasoning,2,True,True,3.2739968330133706,0.12573775,0.148530792,62,102,417.4218636092643,34.33478809235793,10.10845947265625,10.063262939453125,158,210,"('num', 54.0, 0.01)",
2026-04-27T13:23:06.579949+00:00,nemotron-3-nano:4b,reason_syllogism,reasoning,0,True,False,5.235359166981652,0.128731375,0.203573,79,166,388.067179832296,34.157709001418645,10.108779907226562,10.03411865234375,204,551,"('mcq', 'D')",
2026-04-27T13:23:11.876837+00:00,nemotron-3-nano:4b,reason_syllogism,reasoning,1,True,False,5.2139967500115745,0.10888475,0.205756,79,166,383.94992126596554,34.17276444840749,10.102325439453125,10.03265380859375,204,551,"('mcq', 'D')",
2026-04-27T13:23:17.176969+00:00,nemotron-3-nano:4b,reason_syllogism,reasoning,2,True,False,5.216844332986511,0.112794917,0.205325959,79,166,384.7540777832188,34.18168016180952,10.10333251953125,10.02618408203125,204,551,"('mcq', 'D')",
2026-04-27T13:23:23.321372+00:00,nemotron-3-nano:4b,code_fizzbuzz,code,0,False,False,6.136588042019866,0.117348292,0.200094958,76,197,379.81966542105476,34.13540513890282,10.10369873046875,10.022476196289062,208,623,"('code', None, 0)",
2026-04-27T13:23:29.448843+00:00,nemotron-3-nano:4b,code_fizzbuzz,code,1,False,False,6.122169499984011,0.084432333,0.1959035,76,197,387.94610611857365,34.00103780901701,10.319259643554688,10.021804809570312,208,623,"('code', None, 0)",
2026-04-27T13:23:35.965671+00:00,nemotron-3-nano:4b,code_fizzbuzz,code,2,False,False,6.1138202080037445,0.084516083,0.196050333,76,197,387.655551699573,34.05318263923045,10.394149780273438,10.200408935546875,208,623,"('code', None, 0)",
2026-04-27T13:23:39.643117+00:00,nemotron-3-nano:4b,code_reverse_words,code,0,False,True,3.3703562500304542,0.126204791,0.149133542,60,105,402.3239788672088,34.265618733889134,10.299179077148438,10.172027587890625,193,459,"('code', None, 0)",
2026-04-27T13:23:43.308146+00:00,nemotron-3-nano:4b,code_reverse_words,code,1,False,True,3.367798000050243,0.1275515,0.147652792,60,105,406.3587229694918,34.27913777296916,10.26507568359375,10.220245361328125,193,459,"('code', None, 0)",
2026-04-27T13:23:46.999125+00:00,nemotron-3-nano:4b,code_reverse_words,code,2,False,True,3.367164249997586,0.127203833,0.148946958,60,105,402.8279651068806,34.29508878804312,10.3271484375,10.183135986328125,193,459,"('code', None, 0)",
2026-04-27T13:23:50.666895+00:00,nemotron-3-nano:4b,code_dedup,code,0,False,True,3.389116875012405,0.1265875,0.139782584,45,106,321.92851721785314,34.30138796747954,10.323699951171875,10.2666015625,146,421,"('code', None, 0)",
2026-04-27T13:23:54.357418+00:00,nemotron-3-nano:4b,code_dedup,code,1,False,True,3.3950252080103382,0.126635708,0.1463575,45,106,307.46630681721126,34.297004105116486,10.330032348632812,10.278305053710938,146,421,"('code', None, 0)",
2026-04-27T13:23:58.043513+00:00,nemotron-3-nano:4b,code_dedup,code,2,False,True,3.3779425829998218,0.119896792,0.139194291,45,106,323.28912110339354,34.32288381144367,10.32830810546875,10.271316528320312,146,421,"('code', None, 0)",
